<PAMDataset>
  <Metadata>
    <MDI key="DataType">Generic</MDI>
  </Metadata>
  <PAMRasterBand band="1">
    <Description>Band_1</Description>
    <Histograms>
      <HistItem>
        <HistMin>194</HistMin>
        <HistMax>363</HistMax>
        <BucketCount>256</BucketCount>
        <IncludeOutOfRange>1</IncludeOutOfRange>
        <Approximate>0</Approximate>
        <HistCounts>1|0|0|0|0|0|0|0|0|0|0|0|0|0|0|0|0|0|0|0|0|0|1|0|1|0|0|0|0|0|0|0|0|0|0|0|1|2|0|0|0|0|0|0|0|1|1|0|0|1|0|1|1|0|2|1|0|3|1|0|0|2|0|0|1|0|3|1|0|0|0|0|1|1|0|5|1|0|2|2|0|1|2|0|0|0|1|0|0|2|2|0|4|1|0|3|1|0|4|0|0|2|0|0|2|5|0|2|2|0|3|0|0|2|4|0|4|1|0|3|0|0|2|2|0|1|2|0|1|4|0|1|2|0|4|1|0|1|0|0|1|1|0|2|1|0|3|3|0|2|1|0|3|1|0|1|2|0|0|1|0|1|0|0|1|0|0|0|2|0|1|0|0|0|0|0|0|0|0|0|0|0|0|0|0|0|0|0|0|0|1|0|0|0|0|0|0|0|0|0|0|0|0|0|0|0|1|0|1|0|0|0|0|0|0|1|0|0|0|0|0|1|0|0|0|0|0|0|0|0|0|0|0|0|0|0|0|0|1|1|0|0|0|0|0|0|0|0|0|0|0|0|0|0|0|1</HistCounts>
      </HistItem>
    </Histograms>
    <Metadata>
      <MDI key="BandName">Band_1</MDI>
      <MDI key="RepresentationType">ATHEMATIC</MDI>
      <MDI key="STATISTICS_COVARIANCES">861.4071484071478</MDI>
      <MDI key="STATISTICS_EXCLUDEDVALUES"></MDI>
      <MDI key="STATISTICS_MAXIMUM">363</MDI>
      <MDI key="STATISTICS_MEAN">267.86111111111</MDI>
      <MDI key="STATISTICS_MEDIAN">266.901961</MDI>
      <MDI key="STATISTICS_MINIMUM">194</MDI>
      <MDI key="STATISTICS_SKIPFACTORX">1</MDI>
      <MDI key="STATISTICS_SKIPFACTORY">1</MDI>
      <MDI key="STATISTICS_STDDEV">29.349738472551</MDI>
    </Metadata>
  </PAMRasterBand>
</PAMDataset>
